seed,accuracy,precision_macro,recall_macro
7,0.322404,0.300038,0.301879
21,0.322404,0.309644,0.305641
42,0.374656,0.357394,0.351620
77,0.349727,0.328176,0.323562
99,0.303279,0.294016,0.297222
123,0.316940,0.317203,0.310284
202,0.336111,0.323821,0.323920
303,0.330623,0.312338,0.310924

mean,0.332018,0.317829,0.315632
std,0.022001,0.019601,0.017343
